month,keyword,context_term,count
2016-11,accelerationism,trump,15
2016-11,accelerationism,dont,10
2016-11,accelerationism,just,9
2016-11,accelerationism,people,8
2016-11,accelerationism,hillary,8
2016-11,accelerationism,going,6
2016-11,accelerationism,like,5
2016-11,accelerationism,time,5
2016-11,accelerationism,think,5
2016-11,accelerationism,fascist,5
2016-11,accelerationism,did,4
2016-11,accelerationism,quo,4
2016-11,accelerationism,way,4
2016-11,accelerationism,status,4
2016-11,accelerationism,best,4
2017-08,accelerationism,national,7
2017-08,accelerationism,antifa,4
2017-08,accelerationism,just,4
2017-08,accelerationism,ideology,4
2017-08,accelerationism,quote,3
2017-08,accelerationism,movement,3
2017-08,accelerationism,systems,2
2017-08,accelerationism,government,2
2017-08,accelerationism,arent,2
2017-08,accelerationism,cucking,2
2017-08,accelerationism,faggots,2
2017-08,accelerationism,got,2
2017-08,accelerationism,life,2
2017-08,accelerationism,ruin,2
2017-08,accelerationism,nazi,2
2012-10,siege,power,8
2012-10,siege,fascist,7
2012-10,siege,way,6
2012-10,siege,war,5
2012-10,siege,country,4
2012-10,siege,did,4
2012-10,siege,took,4
2012-10,siege,want,4
2012-10,siege,day,3
2012-10,siege,ideal,3
2012-10,siege,state,3
2012-10,siege,hold,3
2012-10,siege,fascism,3
2012-10,siege,make,3
2012-10,siege,long,3
2012-11,siege,people,5
2012-11,siege,good,4
2012-11,siege,world,2
2012-11,siege,thread,2
2012-11,siege,point,2
2012-11,siege,message,2
2012-11,siege,life,2
2012-11,siege,james,2
2014-06,siege,years,4
2014-06,siege,principles,4
2014-06,siege,society,3
2014-06,siege,evolving,3
2014-06,siege,james,3
2014-06,siege,level,3
2014-06,siege,man,3
2014-06,siege,time,3
2014-06,siege,rockwell,2
2014-06,siege,recommend,2
2014-06,siege,south,2
2014-06,siege,military,2
2014-06,siege,year,2
2014-06,siege,make,2
2014-06,siege,strive,2
2015-04,siege,amp,31
2015-04,siege,like,29
2015-04,siege,conquest,17
2015-04,siege,dont,17
2015-04,siege,right,16
2015-04,siege,things,15
2015-04,siege,time,15
2015-04,siege,said,13
2015-04,siege,order,13
2015-04,siege,work,13
2015-04,siege,people,13
2015-04,siege,movement,12
2015-04,siege,going,12
2015-04,siege,revolution,12
2015-04,siege,art,11
2015-05,siege,fascist,12
2015-05,siege,im,8
2015-05,siege,reading,8
2015-05,siege,right,7
2015-05,siege,materials,6
2015-05,siege,posting,6
2015-05,siege,dont,6
2015-05,siege,ironmarch,6
2015-05,siege,revolutionary,6
2015-05,siege,white,6
2015-05,siege,real,6
2015-05,siege,war,5
2015-05,siege,collapse,5
2015-05,siege,world,5
2015-05,siege,national,5
2015-06,siege,like,33
2015-06,siege,time,33
2015-06,siege,things,24
2015-06,siege,just,23
2015-06,siege,dont,21
2015-06,siege,path,21
2015-06,siege,enemy,20
2015-06,siege,right,19
2015-06,siege,age,19
2015-06,siege,circle,18
2015-06,siege,hand,17
2015-06,siege,ready,16
2015-06,siege,know,16
2015-06,siege,world,16
2015-06,siege,page,15
2015-07,siege,big,16
2015-07,siege,brother,13
2015-07,siege,just,11
2015-07,siege,like,9
2015-07,siege,revolution,9
2015-07,siege,theyre,9
2015-07,siege,long,8
2015-07,siege,time,8
2015-07,siege,know,7
2015-07,siege,right,7
2015-07,siege,things,7
2015-07,siege,movement,7
2015-07,siege,shooting,6
2015-07,siege,times,6
2015-07,siege,did,6
2015-08,siege,time,21
2015-08,siege,things,19
2015-08,siege,today,18
2015-08,siege,just,16
2015-08,siege,true,16
2015-08,siege,white,15
2015-08,siege,people,15
2015-08,siege,like,14
2015-08,siege,revolutionary,13
2015-08,siege,blood,13
2015-08,siege,society,13
2015-08,siege,order,13
2015-08,siege,years,13
2015-08,siege,culture,13
2015-08,siege,way,13
2015-09,siege,movement,31
2015-09,siege,like,30
2015-09,siege,manson,27
2015-09,siege,im,27
2015-09,siege,time,25
2015-09,siege,people,24
2015-09,siege,just,23
2015-09,siege,fascist,23
2015-09,siege,man,23
2015-09,siege,world,22
2015-09,siege,way,21
2015-09,siege,hitler,18
2015-09,siege,real,17
2015-09,siege,year,17
2015-09,siege,men,16
2015-10,siege,manson,28
2015-10,siege,time,21
2015-10,siege,movement,20
2015-10,siege,right,19
2015-10,siege,years,18
2015-10,siege,way,17
2015-10,siege,just,15
2015-10,siege,im,15
2015-10,siege,people,14
2015-10,siege,like,13
2015-10,siege,order,12
2015-10,siege,matter,11
2015-10,siege,truth,11
2015-10,siege,reality,11
2015-10,siege,ago,11
2015-11,siege,national,80
2015-11,siege,movement,54
2015-11,siege,white,51
2015-11,siege,people,48
2015-11,siege,like,46
2015-11,siege,socialist,45
2015-11,siege,right,43
2015-11,siege,wlf,42
2015-11,siege,men,41
2015-11,siege,time,41
2015-11,siege,just,39
2015-11,siege,revolutionary,35
2015-11,siege,nslf,35
2015-11,siege,know,30
2015-11,siege,dont,29
2015-12,siege,europe,25
2015-12,siege,fascism,21
2015-12,siege,like,20
2015-12,siege,im,15
2015-12,siege,just,15
2015-12,siege,america,15
2015-12,siege,dont,13
2015-12,siege,end,13
2015-12,siege,fascist,12
2015-12,siege,people,12
2015-12,siege,read,11
2015-12,siege,time,10
2015-12,siege,men,10
2015-12,siege,thats,9
2015-12,siege,jews,9
2016-01,siege,people,9
2016-01,siege,love,7
2016-01,siege,way,6
2016-01,siege,im,6
2016-01,siege,just,6
2016-01,siege,history,5
2016-01,siege,things,5
2016-01,siege,youre,4
2016-01,siege,death,4
2016-01,siege,mason,4
2016-01,siege,white,4
2016-01,siege,james,3
2016-01,siege,right,3
2016-01,siege,didnt,3
2016-01,siege,race,3
2016-03,siege,fascist,80
2016-03,siege,im,79
2016-03,siege,ironmarch,63
2016-03,siege,year,52
2016-03,siege,posting,52
2016-03,siege,materials,38
2016-03,siege,reading,30
2016-03,siege,worldview,27
2016-03,siege,anniversary,26
2016-03,siege,news,26
2016-03,siege,plan,26
2016-03,siege,points,26
2016-03,siege,manuals,26
2016-03,siege,start,16
2016-03,siege,man,15
2016-04,siege,im,211
2016-04,siege,fascist,205
2016-04,siege,ironmarch,164
2016-04,siege,posting,137
2016-04,siege,year,136
2016-04,siege,materials,98
2016-04,siege,reading,79
2016-04,siege,plan,70
2016-04,siege,worldview,69
2016-04,siege,news,68
2016-04,siege,points,68
2016-04,siege,anniversary,68
2016-04,siege,manuals,68
2016-04,siege,forum,44
2016-04,siege,start,40
2016-05,siege,im,146
2016-05,siege,fascist,139
2016-05,siege,ironmarch,109
2016-05,siege,year,94
2016-05,siege,posting,92
2016-05,siege,materials,66
2016-05,siege,reading,56
2016-05,siege,news,48
2016-05,siege,worldview,48
2016-05,siege,points,46
2016-05,siege,manuals,46
2016-05,siege,plan,46
2016-05,siege,anniversary,46
2016-05,siege,man,43
2016-05,siege,white,38
2016-06,siege,fascist,70
2016-06,siege,im,69
2016-06,siege,ironmarch,54
2016-06,siege,posting,44
2016-06,siege,year,44
2016-06,siege,materials,33
2016-06,siege,reading,26
2016-06,siege,news,22
2016-06,siege,anniversary,22
2016-06,siege,points,22
2016-06,siege,plan,22
2016-06,siege,worldview,22
2016-06,siege,manuals,22
2016-06,siege,dont,20
2016-06,siege,want,17
2016-07,siege,im,104
2016-07,siege,fascist,96
2016-07,siege,ironmarch,80
2016-07,siege,posting,65
2016-07,siege,year,64
2016-07,siege,materials,52
2016-07,siege,worldview,34
2016-07,siege,reading,34
2016-07,siege,anniversary,32
2016-07,siege,manuals,32
2016-07,siege,plan,32
2016-07,siege,points,32
2016-07,siege,news,32
2016-07,siege,white,25
2016-07,siege,dont,21
2016-08,siege,fascist,128
2016-08,siege,im,111
2016-08,siege,ironmarch,85
2016-08,siege,year,72
2016-08,siege,posting,72
2016-08,siege,materials,52
2016-08,siege,worldview,37
2016-08,siege,manuals,36
2016-08,siege,news,36
2016-08,siege,plan,36
2016-08,siege,points,36
2016-08,siege,anniversary,36
2016-08,siege,reading,36
2016-08,siege,revolutionary,23
2016-08,siege,support,21
2016-09,siege,fascist,91
2016-09,siege,im,80
2016-09,siege,ironmarch,67
2016-09,siege,posting,52
2016-09,siege,year,52
2016-09,siege,materials,43
2016-09,siege,reading,29
2016-09,siege,anniversary,26
2016-09,siege,points,26
2016-09,siege,manuals,26
2016-09,siege,worldview,26
2016-09,siege,news,26
2016-09,siege,plan,26
2016-09,siege,dont,23
2016-09,siege,want,20
2016-10,siege,fascist,15
2016-10,siege,im,14
2016-10,siege,ironmarch,10
2016-10,siege,start,8
2016-10,siege,materials,8
2016-10,siege,posting,8
2016-10,siege,year,8
2016-10,siege,read,7
2016-10,siege,leap,6
2016-10,siege,reading,6
2016-10,siege,dont,5
2016-10,siege,plan,4
2016-10,siege,manuals,4
2016-10,siege,points,4
2016-10,siege,news,4
2016-11,siege,fascist,86
2016-11,siege,im,71
2016-11,siege,ironmarch,55
2016-11,siege,year,45
2016-11,siege,posting,45
2016-11,siege,god,44
2016-11,siege,materials,34
2016-11,siege,reading,29
2016-11,siege,plan,29
2016-11,siege,dont,26
2016-11,siege,people,25
2016-11,siege,start,24
2016-11,siege,fucking,23
2016-11,siege,news,23
2016-11,siege,worldview,23
2016-12,siege,im,86
2016-12,siege,fascist,79
2016-12,siege,ironmarch,56
2016-12,siege,year,45
2016-12,siege,posting,44
2016-12,siege,reading,36
2016-12,siege,materials,34
2016-12,siege,plan,23
2016-12,siege,news,22
2016-12,siege,manuals,22
2016-12,siege,points,22
2016-12,siege,anniversary,22
2016-12,siege,worldview,22
2016-12,siege,leap,17
2016-12,siege,fascism,16
2017-01,siege,im,225
2017-01,siege,fascist,211
2017-01,siege,ironmarch,147
2017-01,siege,posting,121
2017-01,siege,year,120
2017-01,siege,materials,96
2017-01,siege,reading,64
2017-01,siege,points,61
2017-01,siege,plan,60
2017-01,siege,worldview,60
2017-01,siege,anniversary,60
2017-01,siege,manuals,60
2017-01,siege,news,60
2017-01,siege,white,43
2017-01,siege,dont,37
2017-02,siege,im,268
2017-02,siege,fascist,259
2017-02,siege,ironmarch,185
2017-02,siege,year,155
2017-02,siege,posting,144
2017-02,siege,hitler,139
2017-02,siege,materials,125
2017-02,siege,reading,80
2017-02,siege,plan,78
2017-02,siege,worldview,73
2017-02,siege,news,73
2017-02,siege,manuals,73
2017-02,siege,anniversary,72
2017-02,siege,points,72
2017-02,siege,europe,66
2017-03,siege,im,192
2017-03,siege,fascist,182
2017-03,siege,ironmarch,122
2017-03,siege,year,100
2017-03,siege,posting,93
2017-03,siege,materials,87
2017-03,siege,read,80
2017-03,siege,reading,76
2017-03,siege,dont,62
2017-03,siege,worldview,59
2017-03,siege,points,52
2017-03,siege,plan,51
2017-03,siege,way,50
2017-03,siege,want,49
2017-03,siege,anniversary,46
2017-04,siege,im,118
2017-04,siege,fascist,94
2017-04,siege,ironmarch,63
2017-04,siege,read,61
2017-04,siege,like,56
2017-04,siege,reading,56
2017-04,siege,year,55
2017-04,siege,posting,49
2017-04,siege,materials,45
2017-04,siege,just,43
2017-04,siege,dont,41
2017-04,siege,people,37
2017-04,siege,white,32
2017-04,siege,shit,31
2017-04,siege,worldview,29
2017-05,siege,fascist,182
2017-05,siege,im,140
2017-05,siege,state,135
2017-05,siege,ironmarch,91
2017-05,siege,fascism,83
2017-05,siege,year,75
2017-05,siege,posting,73
2017-05,siege,materials,68
2017-05,siege,reading,46
2017-05,siege,political,46
2017-05,siege,read,42
2017-05,siege,worldview,41
2017-05,siege,plan,38
2017-05,siege,points,38
2017-05,siege,news,36
2017-06,siege,fascist,121
2017-06,siege,im,118
2017-06,siege,ironmarch,87
2017-06,siege,posting,67
2017-06,siege,year,65
2017-06,siege,materials,58
2017-06,siege,read,41
2017-06,siege,reading,40
2017-06,siege,worldview,36
2017-06,siege,plan,32
2017-06,siege,news,32
2017-06,siege,anniversary,32
2017-06,siege,manuals,32
2017-06,siege,points,32
2017-06,siege,introduction,28
2017-07,siege,im,122
2017-07,siege,fascist,111
2017-07,siege,ironmarch,78
2017-07,siege,year,64
2017-07,siege,posting,62
2017-07,siege,materials,55
2017-07,siege,reading,43
2017-07,siege,read,36
2017-07,siege,plan,35
2017-07,siege,news,33
2017-07,siege,worldview,33
2017-07,siege,white,32
2017-07,siege,anniversary,31
2017-07,siege,points,31
2017-07,siege,manuals,30
2017-08,siege,im,64
2017-08,siege,read,54
2017-08,siege,people,53
2017-08,siege,just,44
2017-08,siege,like,43
2017-08,siege,time,40
2017-08,siege,white,33
2017-08,siege,fascist,33
2017-08,siege,know,29
2017-08,siege,dont,28
2017-08,siege,national,27
2017-08,siege,world,26
2017-08,siege,trump,26
2017-08,siege,ive,25
2017-08,siege,make,23
2017-09,siege,word,78
2017-09,siege,im,74
2017-09,siege,read,65
2017-09,siege,white,65
2017-09,siege,like,64
2017-09,siege,fascist,58
2017-09,siege,truth,53
2017-09,siege,national,52
2017-09,siege,people,52
2017-09,siege,race,52
2017-09,siege,man,51
2017-09,siege,god,47
2017-09,siege,just,46
2017-09,siege,words,41
2017-09,siege,link,40
2017-10,siege,im,32
2017-10,siege,link,27
2017-10,siege,fascist,25
2017-10,siege,white,23
2017-10,siege,read,22
2017-10,siege,pdf,21
2017-10,siege,like,19
2017-10,siege,time,18
2017-10,siege,fascism,16
2017-10,siege,worldview,15
2017-10,siege,people,13
2017-10,siege,national,13
2017-10,siege,thats,13
2017-10,siege,ive,13
2017-10,siege,edition,12
2017-11,siege,read,11
2017-11,siege,like,9
2017-11,siege,american,5
2017-11,siege,im,4
2017-11,siege,just,4
2017-11,siege,white,4
2017-11,siege,nationalist,4
2017-11,siege,party,4
2017-11,siege,youre,3
2017-11,siege,conservative,3
2017-11,siege,altright,3
2017-11,siege,reading,3
2017-11,siege,shit,3
2017-11,siege,thats,3
2017-11,siege,time,2
2017-01,read_siege,av,8
2017-01,read_siege,lot,7
2017-01,read_siege,believe,6
2017-01,read_siege,im,5
2017-01,read_siege,know,4
2017-01,read_siege,ive,4
2017-01,read_siege,label,3
2017-01,read_siege,hope,3
2017-01,read_siege,just,3
2017-01,read_siege,white,3
2017-01,read_siege,left,3
2017-01,read_siege,natsoc,3
2017-01,read_siege,right,3
2017-01,read_siege,learn,2
2017-01,read_siege,tried,2
2017-02,read_siege,im,67
2017-02,read_siege,fascist,63
2017-02,read_siege,ironmarch,45
2017-02,read_siege,posting,36
2017-02,read_siege,year,36
2017-02,read_siege,materials,34
2017-02,read_siege,plan,19
2017-02,read_siege,anniversary,18
2017-02,read_siege,reading,18
2017-02,read_siege,worldview,18
2017-02,read_siege,points,18
2017-02,read_siege,news,18
2017-02,read_siege,manuals,18
2017-02,read_siege,dont,14
2017-02,read_siege,forum,12
2017-03,read_siege,fascist,16
2017-03,read_siege,think,14
2017-03,read_siege,fucking,14
2017-03,read_siege,just,14
2017-03,read_siege,dont,13
2017-03,read_siege,im,12
2017-03,read_siege,power,11
2017-03,read_siege,want,11
2017-03,read_siege,time,9
2017-03,read_siege,youre,9
2017-03,read_siege,like,9
2017-03,read_siege,america,8
2017-03,read_siege,way,8
2017-03,read_siege,american,8
2017-03,read_siege,read,8
2017-04,read_siege,like,26
2017-04,read_siege,shit,17
2017-04,read_siege,just,16
2017-04,read_siege,youre,13
2017-04,read_siege,dont,12
2017-04,read_siege,im,11
2017-04,read_siege,groups,10
2017-04,read_siege,time,9
2017-04,read_siege,people,8
2017-04,read_siege,said,8
2017-04,read_siege,work,8
2017-04,read_siege,group,8
2017-04,read_siege,going,7
2017-04,read_siege,know,7
2017-04,read_siege,mason,7
2017-05,read_siege,im,9
2017-05,read_siege,fascist,8
2017-05,read_siege,read,7
2017-05,read_siege,posting,5
2017-05,read_siege,just,5
2017-05,read_siege,revolutionary,4
2017-05,read_siege,time,4
2017-05,read_siege,state,4
2017-05,read_siege,canada,4
2017-05,read_siege,people,4
2017-05,read_siege,james,3
2017-05,read_siege,isnt,3
2017-05,read_siege,leap,3
2017-05,read_siege,like,3
2017-05,read_siege,fascism,3
2017-06,read_siege,im,9
2017-06,read_siege,reading,4
2017-06,read_siege,just,4
2017-06,read_siege,read,3
2017-06,read_siege,way,3
2017-06,read_siege,thats,3
2017-06,read_siege,dont,3
2017-06,read_siege,good,3
2017-06,read_siege,really,3
2017-06,read_siege,worldview,3
2017-06,read_siege,man,2
2017-06,read_siege,communism,2
2017-06,read_siege,completely,2
2017-06,read_siege,make,2
2017-06,read_siege,youve,2
2017-07,read_siege,read,6
2017-07,read_siege,siege,3
2017-07,read_siege,book,3
2017-07,read_siege,white,2
2017-07,read_siege,welcome,2
2017-07,read_siege,told,2
2017-07,read_siege,things,2
2017-07,read_siege,right,2
2017-07,read_siege,point,2
2017-07,read_siege,like,2
2017-07,read_siege,know,2
2017-07,read_siege,just,2
2017-07,read_siege,good,2
2017-07,read_siege,comes,2
2017-07,read_siege,actually,2
2017-08,read_siege,people,24
2017-08,read_siege,siege,16
2017-08,read_siege,mason,14
2017-08,read_siege,james,14
2017-08,read_siege,im,13
2017-08,read_siege,just,10
2017-08,read_siege,did,9
2017-08,read_siege,know,9
2017-08,read_siege,ironmarch,9
2017-08,read_siege,like,9
2017-08,read_siege,white,8
2017-08,read_siege,dont,8
2017-08,read_siege,right,8
2017-08,read_siege,political,8
2017-08,read_siege,years,8
2017-09,read_siege,race,31
2017-09,read_siege,fascist,25
2017-09,read_siege,just,24
2017-09,read_siege,different,22
2017-09,read_siege,movement,21
2017-09,read_siege,nature,19
2017-09,read_siege,believe,17
2017-09,read_siege,worldview,17
2017-09,read_siege,national,17
2017-09,read_siege,like,16
2017-09,read_siege,im,16
2017-09,read_siege,white,16
2017-09,read_siege,nation,13
2017-09,read_siege,jews,13
2017-09,read_siege,socialism,12
2017-10,read_siege,point,5
2017-10,read_siege,time,4
2017-10,read_siege,people,3
2017-10,read_siege,shit,3
2017-10,read_siege,niggers,3
2017-10,read_siege,got,3
2017-10,read_siege,fascist,3
2017-10,read_siege,new,3
2017-10,read_siege,thats,3
2017-10,read_siege,doesnt,3
2017-10,read_siege,trying,3
2017-10,read_siege,didnt,3
2017-10,read_siege,mason,2
2017-10,read_siege,forum,2
2017-10,read_siege,life,2
2017-11,read_siege,white,4
2017-11,read_siege,nationalist,4
2017-11,read_siege,american,3
2017-11,read_siege,national,2
2017-11,read_siege,like,2
2017-11,read_siege,lemmings,2
2017-11,read_siege,just,2
2017-11,read_siege,america,2
2011-12,mason,quite,5
2011-12,mason,im,4
2011-12,mason,thing,4
2011-12,mason,wrong,3
2011-12,mason,dont,3
2011-12,mason,people,3
2011-12,mason,masons,3
2011-12,mason,really,3
2011-12,mason,average,3
2011-12,mason,seen,2
2011-12,mason,used,2
2011-12,mason,make,2
2011-12,mason,life,2
2011-12,mason,larson,2
2011-12,mason,think,2
2012-02,mason,rice,3
2012-02,mason,moynihan,3
2012-02,mason,james,3
2012-02,mason,said,2
2012-02,mason,really,2
2012-02,mason,read,2
2012-02,mason,michael,2
2012-02,mason,manson,2
2012-02,mason,interesting,2
2012-02,mason,good,2
2012-02,mason,charles,2
2012-02,mason,boyd,2
2012-11,mason,think,4
2012-11,mason,people,4
2012-11,mason,work,3
2012-11,mason,message,3
2012-11,mason,james,3
2012-11,mason,believe,3
2012-11,mason,zog,2
2012-11,mason,world,2
2012-11,mason,tried,2
2012-11,mason,thread,2
2012-11,mason,siege,2
2012-11,mason,masons,2
2012-11,mason,jewish,2
2012-11,mason,itll,2
2012-11,mason,change,2
2015-04,mason,movement,34
2015-04,mason,white,18
2015-04,mason,like,17
2015-04,mason,nslf,17
2015-04,mason,people,15
2015-04,mason,today,14
2015-04,mason,right,14
2015-04,mason,way,12
2015-04,mason,time,11
2015-04,mason,means,11
2015-04,mason,enemy,11
2015-04,mason,work,10
2015-04,mason,national,9
2015-04,mason,revolution,9
2015-04,mason,actually,9
2015-05,mason,fascist,12
2015-05,mason,time,11
2015-05,mason,things,10
2015-05,mason,movement,10
2015-05,mason,im,9
2015-05,mason,reading,9
2015-05,mason,party,9
2015-05,mason,rockwell,8
2015-05,mason,dont,7
2015-05,mason,materials,6
2015-05,mason,ironmarch,6
2015-05,mason,posting,6
2015-05,mason,political,6
2015-05,mason,news,6
2015-05,mason,nazi,6
2015-06,mason,smart,11
2015-06,mason,people,8
2015-06,mason,direct,7
2015-06,mason,time,7
2015-06,mason,fascist,6
2015-06,mason,page,6
2015-06,mason,official,5
2015-06,mason,dont,5
2015-06,mason,know,5
2015-06,mason,james,5
2015-06,mason,stop,5
2015-06,mason,ironmarch,5
2015-06,mason,im,5
2015-06,mason,hitler,5
2015-06,mason,saying,4
2015-09,mason,fascist,23
2015-09,mason,im,22
2015-09,mason,worldview,13
2015-09,mason,way,11
2015-09,mason,like,11
2015-09,mason,people,11
2015-09,mason,youre,10
2015-09,mason,fascism,10
2015-09,mason,real,9
2015-09,mason,new,9
2015-09,mason,siege,9
2015-09,mason,right,8
2015-09,mason,need,8
2015-09,mason,work,7
2015-09,mason,world,7
2015-10,mason,youre,7
2015-10,mason,right,7
2015-10,mason,just,7
2015-10,mason,im,7
2015-10,mason,jew,6
2015-10,mason,time,6
2015-10,mason,know,6
2015-10,mason,blackshirt,6
2015-10,mason,picture,5
2015-10,mason,year,5
2015-10,mason,thing,5
2015-10,mason,like,5
2015-10,mason,long,5
2015-10,mason,regards,4
2015-10,mason,leave,4
2015-11,mason,men,39
2015-11,mason,movement,34
2015-11,mason,right,30
2015-11,mason,just,28
2015-11,mason,man,27
2015-11,mason,people,27
2015-11,mason,like,27
2015-11,mason,rockwell,26
2015-11,mason,revolution,24
2015-11,mason,revolutionary,23
2015-11,mason,time,23
2015-11,mason,national,22
2015-11,mason,new,21
2015-11,mason,white,20
2015-11,mason,society,20
2015-12,mason,jews,48
2015-12,mason,war,33
2015-12,mason,like,22
2015-12,mason,fascism,17
2015-12,mason,world,16
2015-12,mason,people,15
2015-12,mason,dr,15
2015-12,mason,just,15
2015-12,mason,thats,14
2015-12,mason,good,13
2015-12,mason,got,13
2015-12,mason,did,13
2015-12,mason,jew,12
2015-12,mason,second,12
2015-12,mason,germans,11
2016-01,mason,people,11
2016-01,mason,love,8
2016-01,mason,im,8
2016-01,mason,way,7
2016-01,mason,just,7
2016-01,mason,like,7
2016-01,mason,things,6
2016-01,mason,history,5
2016-01,mason,james,5
2016-01,mason,siege,4
2016-01,mason,death,4
2016-01,mason,fascist,4
2016-01,mason,fucking,4
2016-01,mason,youre,4
2016-01,mason,actually,4
2016-02,mason,james,4
2016-02,mason,like,2
2016-02,mason,hitler,2
2016-03,mason,israel,3
2016-03,mason,shit,2
2016-03,mason,say,2
2016-03,mason,old,2
2016-03,mason,james,2
2016-04,mason,james,9
2016-04,mason,siege,6
2016-04,mason,book,5
2016-04,mason,people,4
2016-04,mason,world,3
2016-04,mason,really,3
2016-04,mason,party,3
2016-04,mason,dont,3
2016-04,mason,hitler,3
2016-04,mason,man,3
2016-04,mason,david,2
2016-04,mason,defiance,2
2016-04,mason,digital,2
2016-04,mason,masons,2
2016-04,mason,leader,2
2016-06,mason,money,22
2016-06,mason,time,14
2016-06,mason,like,13
2016-06,mason,know,12
2016-06,mason,political,12
2016-06,mason,people,10
2016-06,mason,didnt,9
2016-06,mason,society,9
2016-06,mason,world,9
2016-06,mason,man,8
2016-06,mason,reason,8
2016-06,mason,ive,7
2016-06,mason,good,6
2016-06,mason,national,5
2016-06,mason,free,5
2016-07,mason,white,4
2016-07,mason,time,4
2016-07,mason,problem,4
2016-07,mason,people,4
2016-07,mason,read,3
2016-07,mason,learn,3
2016-07,mason,james,3
2016-07,mason,effectively,3
2016-07,mason,siege,2
2016-07,mason,good,2
2016-07,mason,going,2
2016-07,mason,act,2
2016-10,mason,dont,9
2016-10,mason,right,9
2016-10,mason,people,8
2016-10,mason,just,7
2016-10,mason,like,6
2016-10,mason,kek,5
2016-10,mason,fucking,4
2016-10,mason,want,4
2016-10,mason,movement,4
2016-10,mason,new,4
2016-10,mason,good,3
2016-10,mason,im,3
2016-10,mason,war,3
2016-10,mason,point,3
2016-10,mason,thing,3
2016-11,mason,fascist,6
2016-11,mason,dont,5
2016-11,mason,youre,4
2016-11,mason,siege,4
2016-11,mason,james,4
2016-11,mason,just,4
2016-11,mason,matter,4
2016-11,mason,people,4
2016-11,mason,point,3
2016-11,mason,actually,3
2016-11,mason,anymore,3
2016-11,mason,armchair,3
2016-11,mason,atomwaffen,3
2016-11,mason,better,3
2016-11,mason,explain,3
2017-01,mason,dark,29
2017-01,mason,time,19
2017-01,mason,world,15
2017-01,mason,mind,11
2017-01,mason,way,11
2017-01,mason,feminine,10
2017-01,mason,work,9
2017-01,mason,used,8
2017-01,mason,death,8
2017-01,mason,im,7
2017-01,mason,man,7
2017-01,mason,power,7
2017-01,mason,control,7
2017-01,mason,like,7
2017-01,mason,siege,7
2017-02,mason,just,24
2017-02,mason,read,20
2017-02,mason,think,18
2017-02,mason,james,18
2017-02,mason,people,16
2017-02,mason,manson,15
2017-02,mason,siege,14
2017-02,mason,national,13
2017-02,mason,like,13
2017-02,mason,actually,12
2017-02,mason,want,12
2017-02,mason,im,11
2017-02,mason,going,11
2017-02,mason,thing,11
2017-02,mason,dont,11
2017-03,mason,people,39
2017-03,mason,national,27
2017-03,mason,read,22
2017-03,mason,like,22
2017-03,mason,think,20
2017-03,mason,hitler,20
2017-03,mason,siege,18
2017-03,mason,james,17
2017-03,mason,need,16
2017-03,mason,just,16
2017-03,mason,way,15
2017-03,mason,going,15
2017-03,mason,power,15
2017-03,mason,america,14
2017-03,mason,time,13
2017-04,mason,like,20
2017-04,mason,just,20
2017-04,mason,people,20
2017-04,mason,siege,20
2017-04,mason,read,17
2017-04,mason,youre,16
2017-04,mason,ns,16
2017-04,mason,james,15
2017-04,mason,time,15
2017-04,mason,im,14
2017-04,mason,way,13
2017-04,mason,rockwell,12
2017-04,mason,shit,12
2017-04,mason,dont,12
2017-04,mason,groups,11
2017-05,mason,james,15
2017-05,mason,read,10
2017-05,mason,siege,10
2017-05,mason,just,9
2017-05,mason,like,8
2017-05,mason,dont,7
2017-05,mason,people,6
2017-05,mason,know,5
2017-05,mason,point,5
2017-05,mason,reading,4
2017-05,mason,saying,4
2017-05,mason,man,4
2017-05,mason,ideals,4
2017-05,mason,im,4
2017-05,mason,white,4
2017-06,mason,fascist,8
2017-06,mason,james,5
2017-06,mason,siege,5
2017-06,mason,read,5
2017-06,mason,book,4
2017-06,mason,reading,3
2017-06,mason,dont,3
2017-06,mason,worldview,3
2017-06,mason,shit,2
2017-06,mason,posted,2
2017-06,mason,pierce,2
2017-06,mason,want,2
2017-06,mason,good,2
2017-06,mason,siegepdf,2
2017-06,mason,far,2
2017-07,mason,james,36
2017-07,mason,siege,34
2017-07,mason,im,33
2017-07,mason,masons,20
2017-07,mason,like,20
2017-07,mason,know,15
2017-07,mason,dont,15
2017-07,mason,ironmarch,15
2017-07,mason,truth,15
2017-07,mason,did,14
2017-07,mason,good,12
2017-07,mason,really,12
2017-07,mason,time,12
2017-07,mason,life,11
2017-07,mason,national,11
2017-08,mason,people,52
2017-08,mason,time,51
2017-08,mason,white,44
2017-08,mason,jews,39
2017-08,mason,james,39
2017-08,mason,im,39
2017-08,mason,just,35
2017-08,mason,years,30
2017-08,mason,siege,30
2017-08,mason,dont,29
2017-08,mason,fascist,28
2017-08,mason,right,26
2017-08,mason,rockwell,26
2017-08,mason,national,25
2017-08,mason,truth,23
2017-09,mason,total,182
2017-09,mason,im,48
2017-09,mason,national,44
2017-09,mason,link,41
2017-09,mason,james,38
2017-09,mason,people,38
2017-09,mason,white,37
2017-09,mason,just,35
2017-09,mason,time,34
2017-09,mason,world,33
2017-09,mason,pdf,31
2017-09,mason,fascist,30
2017-09,mason,fascism,29
2017-09,mason,like,26
2017-09,mason,history,25
2017-10,mason,link,26
2017-10,mason,im,24
2017-10,mason,pdf,22
2017-10,mason,white,18
2017-10,mason,fascist,13
2017-10,mason,edition,12
2017-10,mason,james,12
2017-10,mason,siege,9
2017-10,mason,stormtrooper,7
2017-10,mason,like,6
2017-10,mason,national,6
2017-10,mason,read,6
2017-10,mason,recommended,6
2017-10,mason,worldview,6
2017-10,mason,vs,6
2015-09,atomwaffen,good,5
2015-09,atomwaffen,great,4
2015-09,atomwaffen,florida,3
2015-09,atomwaffen,fellow,2
2015-09,atomwaffen,comrades,2
2015-09,atomwaffen,bowling,2
2015-10,atomwaffen,florida,6
2015-10,atomwaffen,dont,5
2015-10,atomwaffen,like,4
2015-10,atomwaffen,im,4
2015-10,atomwaffen,right,3
2015-10,atomwaffen,work,2
2015-10,atomwaffen,strong,2
2015-10,atomwaffen,maybe,2
2015-10,atomwaffen,just,2
2015-10,atomwaffen,does,2
2015-10,atomwaffen,divisions,2
2015-10,atomwaffen,chicago,2
2015-10,atomwaffen,central,2
2015-12,atomwaffen,group,5
2015-12,atomwaffen,chapter,5
2015-12,atomwaffen,siege,3
2015-12,atomwaffen,read,3
2015-12,atomwaffen,chapters,3
2015-12,atomwaffen,welcome,2
2015-12,atomwaffen,thinking,2
2015-12,atomwaffen,shit,2
2015-12,atomwaffen,section,2
2015-12,atomwaffen,look,2
2015-12,atomwaffen,im,2
2015-12,atomwaffen,having,2
2015-12,atomwaffen,florida,2
2015-12,atomwaffen,branch,2
2016-01,atomwaffen,welcome,2
2016-01,atomwaffen,want,2
2016-01,atomwaffen,odin,2
2016-01,atomwaffen,group,2
2016-01,atomwaffen,good,2
2016-02,atomwaffen,virginia,2
2016-02,atomwaffen,misanthropic,2
2016-02,atomwaffen,meeting,2
2016-02,atomwaffen,im,2
2016-02,atomwaffen,division,2
2016-03,atomwaffen,im,10
2016-03,atomwaffen,comrades,6
2016-03,atomwaffen,good,4
2016-03,atomwaffen,student,4
2016-03,atomwaffen,group,4
2016-03,atomwaffen,skills,3
2016-03,atomwaffen,march,3
2016-03,atomwaffen,years,3
2016-03,atomwaffen,movement,3
2016-03,atomwaffen,school,3
2016-03,atomwaffen,hail,2
2016-03,atomwaffen,history,2
2016-03,atomwaffen,young,2
2016-03,atomwaffen,joining,2
2016-03,atomwaffen,god,2
2016-04,atomwaffen,think,7
2016-04,atomwaffen,dont,6
2016-04,atomwaffen,people,6
2016-04,atomwaffen,national,5
2016-04,atomwaffen,need,4
2016-04,atomwaffen,white,4
2016-04,atomwaffen,just,4
2016-04,atomwaffen,make,4
2016-04,atomwaffen,big,4
2016-04,atomwaffen,groups,3
2016-04,atomwaffen,like,3
2016-04,atomwaffen,form,3
2016-04,atomwaffen,help,3
2016-04,atomwaffen,needs,3
2016-04,atomwaffen,im,3
2016-05,atomwaffen,im,22
2016-05,atomwaffen,know,13
2016-05,atomwaffen,just,12
2016-05,atomwaffen,people,11
2016-05,atomwaffen,need,10
2016-05,atomwaffen,like,10
2016-05,atomwaffen,going,9
2016-05,atomwaffen,time,9
2016-05,atomwaffen,ive,8
2016-05,atomwaffen,want,8
2016-05,atomwaffen,work,7
2016-05,atomwaffen,really,7
2016-05,atomwaffen,group,7
2016-05,atomwaffen,fascist,7
2016-05,atomwaffen,make,6
2016-06,atomwaffen,things,6
2016-06,atomwaffen,got,5
2016-06,atomwaffen,right,5
2016-06,atomwaffen,like,5
2016-06,atomwaffen,way,4
2016-06,atomwaffen,come,4
2016-06,atomwaffen,strong,4
2016-06,atomwaffen,time,4
2016-06,atomwaffen,just,4
2016-06,atomwaffen,forum,3
2016-06,atomwaffen,im,3
2016-06,atomwaffen,fucking,3
2016-06,atomwaffen,fascist,3
2016-06,atomwaffen,new,3
2016-06,atomwaffen,posted,3
2016-07,atomwaffen,im,14
2016-07,atomwaffen,national,9
2016-07,atomwaffen,dont,7
2016-07,atomwaffen,history,5
2016-07,atomwaffen,fascist,4
2016-07,atomwaffen,shit,4
2016-07,atomwaffen,action,3
2016-07,atomwaffen,got,3
2016-07,atomwaffen,family,3
2016-07,atomwaffen,time,3
2016-07,atomwaffen,involved,2
2016-07,atomwaffen,dawn,2
2016-07,atomwaffen,golden,2
2016-07,atomwaffen,battalion,2
2016-07,atomwaffen,gotten,2
2016-09,atomwaffen,new,9
2016-09,atomwaffen,propaganda,5
2016-09,atomwaffen,thanks,3
2016-09,atomwaffen,im,3
2016-09,atomwaffen,comrades,3
2016-09,atomwaffen,welcome,2
2016-09,atomwaffen,support,2
2016-09,atomwaffen,read,2
2016-09,atomwaffen,post,2
2016-09,atomwaffen,pieces,2
2016-09,atomwaffen,florida,2
2016-09,atomwaffen,finally,2
2016-09,atomwaffen,basic,2
2016-10,atomwaffen,people,5
2016-10,atomwaffen,shes,4
2016-10,atomwaffen,like,4
2016-10,atomwaffen,just,3
2016-10,atomwaffen,great,3
2016-10,atomwaffen,idea,3
2016-10,atomwaffen,know,3
2016-10,atomwaffen,want,2
2016-10,atomwaffen,group,2
2016-10,atomwaffen,id,2
2016-10,atomwaffen,ideas,2
2016-10,atomwaffen,identity,2
2016-10,atomwaffen,large,2
2016-10,atomwaffen,unfortunately,2
2016-10,atomwaffen,new,2
2016-11,atomwaffen,people,10
2016-11,atomwaffen,just,9
2016-11,atomwaffen,war,8
2016-11,atomwaffen,fascist,6
2016-11,atomwaffen,time,6
2016-11,atomwaffen,know,6
2016-11,atomwaffen,old,5
2016-11,atomwaffen,read,5
2016-11,atomwaffen,thing,5
2016-11,atomwaffen,say,5
2016-11,atomwaffen,says,4
2016-11,atomwaffen,point,4
2016-11,atomwaffen,looking,4
2016-11,atomwaffen,join,4
2016-11,atomwaffen,better,4
2016-12,atomwaffen,like,14
2016-12,atomwaffen,people,9
2016-12,atomwaffen,im,7
2016-12,atomwaffen,just,6
2016-12,atomwaffen,national,6
2016-12,atomwaffen,read,5
2016-12,atomwaffen,know,4
2016-12,atomwaffen,ironmarch,4
2016-12,atomwaffen,movements,4
2016-12,atomwaffen,need,4
2016-12,atomwaffen,support,4
2016-12,atomwaffen,really,4
2016-12,atomwaffen,said,3
2016-12,atomwaffen,ill,3
2016-12,atomwaffen,porn,3
2017-02,atomwaffen,im,23
2017-02,atomwaffen,fascist,16
2017-02,atomwaffen,ironmarch,14
2017-02,atomwaffen,dont,13
2017-02,atomwaffen,like,12
2017-02,atomwaffen,year,11
2017-02,atomwaffen,want,10
2017-02,atomwaffen,national,10
2017-02,atomwaffen,just,8
2017-02,atomwaffen,people,8
2017-02,atomwaffen,posting,8
2017-02,atomwaffen,read,7
2017-02,atomwaffen,siege,7
2017-02,atomwaffen,plan,7
2017-02,atomwaffen,socialist,6
2017-03,atomwaffen,like,16
2017-03,atomwaffen,national,14
2017-03,atomwaffen,im,14
2017-03,atomwaffen,really,11
2017-03,atomwaffen,group,10
2017-03,atomwaffen,just,10
2017-03,atomwaffen,ive,9
2017-03,atomwaffen,old,8
2017-03,atomwaffen,socialist,8
2017-03,atomwaffen,hitler,7
2017-03,atomwaffen,fascist,7
2017-03,atomwaffen,nazi,7
2017-03,atomwaffen,things,7
2017-03,atomwaffen,going,6
2017-03,atomwaffen,god,6
2017-04,atomwaffen,like,23
2017-04,atomwaffen,im,19
2017-04,atomwaffen,people,16
2017-04,atomwaffen,dont,14
2017-04,atomwaffen,just,13
2017-04,atomwaffen,national,13
2017-04,atomwaffen,know,11
2017-04,atomwaffen,read,10
2017-04,atomwaffen,ive,10
2017-04,atomwaffen,going,9
2017-04,atomwaffen,want,9
2017-04,atomwaffen,youre,9
2017-04,atomwaffen,organization,9
2017-04,atomwaffen,group,9
2017-04,atomwaffen,fascist,8
2017-05,atomwaffen,like,28
2017-05,atomwaffen,people,24
2017-05,atomwaffen,odin,22
2017-05,atomwaffen,aw,20
2017-05,atomwaffen,im,17
2017-05,atomwaffen,islam,16
2017-05,atomwaffen,just,15
2017-05,atomwaffen,think,13
2017-05,atomwaffen,know,13
2017-05,atomwaffen,dont,11
2017-05,atomwaffen,members,11
2017-05,atomwaffen,good,11
2017-05,atomwaffen,place,10
2017-05,atomwaffen,time,10
2017-05,atomwaffen,shit,9
2017-06,atomwaffen,like,16
2017-06,atomwaffen,people,13
2017-06,atomwaffen,white,13
2017-06,atomwaffen,im,10
2017-06,atomwaffen,fascist,10
2017-06,atomwaffen,national,10
2017-06,atomwaffen,just,10
2017-06,atomwaffen,started,10
2017-06,atomwaffen,group,9
2017-06,atomwaffen,really,9
2017-06,atomwaffen,ive,9
2017-06,atomwaffen,race,8
2017-06,atomwaffen,truth,8
2017-06,atomwaffen,various,8
2017-06,atomwaffen,member,8
2017-07,atomwaffen,im,18
2017-07,atomwaffen,siege,12
2017-07,atomwaffen,mason,11
2017-07,atomwaffen,james,10
2017-07,atomwaffen,political,10
2017-07,atomwaffen,looking,9
2017-07,atomwaffen,ive,9
2017-07,atomwaffen,fascism,9
2017-07,atomwaffen,altright,9
2017-07,atomwaffen,think,8
2017-07,atomwaffen,discord,7
2017-07,atomwaffen,quite,7
2017-07,atomwaffen,living,7
2017-07,atomwaffen,dont,7
2017-07,atomwaffen,lot,7
2017-08,atomwaffen,im,27
2017-08,atomwaffen,siege,25
2017-08,atomwaffen,mason,18
2017-08,atomwaffen,like,16
2017-08,atomwaffen,know,16
2017-08,atomwaffen,just,16
2017-08,atomwaffen,james,15
2017-08,atomwaffen,dont,14
2017-08,atomwaffen,time,12
2017-08,atomwaffen,ive,11
2017-08,atomwaffen,read,10
2017-08,atomwaffen,good,9
2017-08,atomwaffen,interested,8
2017-08,atomwaffen,years,8
2017-08,atomwaffen,think,8
2017-09,atomwaffen,fascist,21
2017-09,atomwaffen,im,20
2017-09,atomwaffen,year,17
2017-09,atomwaffen,ironmarch,16
2017-09,atomwaffen,national,16
2017-09,atomwaffen,link,15
2017-09,atomwaffen,like,12
2017-09,atomwaffen,new,11
2017-09,atomwaffen,james,10
2017-09,atomwaffen,worldview,10
2017-09,atomwaffen,fascism,10
2017-09,atomwaffen,mason,10
2017-09,atomwaffen,time,10
2017-09,atomwaffen,group,8
2017-09,atomwaffen,want,8
2017-10,atomwaffen,national,13
2017-10,atomwaffen,im,13
2017-10,atomwaffen,think,10
2017-10,atomwaffen,like,9
2017-10,atomwaffen,jews,8
2017-10,atomwaffen,know,8
2017-10,atomwaffen,right,8
2017-10,atomwaffen,dont,8
2017-10,atomwaffen,socialism,7
2017-10,atomwaffen,people,7
2017-10,atomwaffen,community,5
2017-10,atomwaffen,work,5
2017-10,atomwaffen,groups,4
2017-10,atomwaffen,good,4
2017-10,atomwaffen,getting,4
